trend_id,trend_name,approved_name,review_status,reviewer,trend_category,lifecycle_stage,momentum_label,momentum_basis,velocity_score,momentum_summary,validity_window,source,buzzword_confidence,buzzword_recency,category_context,gtrends_score,gtrends_momentum,gtrends_term,gtrends_status,judge_recommended,judge_top_score,judge_flags,judge_status,judge_scores,candidate_names,raw_signal,description,rationale,category_reason,first_seen,runs_seen,n_apparels,member_combo_ids,sample_trend_ids
trd_77ec9947b0,Breezy Blue Polos,,pending,,attribute_driven,new,Rising (consistent),"52 apparels; 0 breakout-star, 52 consistently-rising, 0 rising-momentum (Impetus labels)",0.0,"Rising (consistent) | velocity=0.0000 | 52 apparels; 0 breakout-star, 52 consistently-rising, 0 rising-momentum (Impetus labels)",Jul 2026 to 15 Oct 2026 (Impetus: peak=Oct 2026),impetus,,,"Men Topwear bucket: mean_score=0.188 (below by 0.151), mean_velocity=0.0827 (slower by 0.0827), pct_rising=0.0%, bucket_size=6588 items",0.0,niche,Breezy Blue Polos,niche,Off-Duty Essentials,4.4,"Breezy Blue Polos, Smart Casual Polos",ok,"{""Off-Duty Essentials"": {""buzzword_authenticity"": 4, ""shopper_legibility"": 4, ""click_appeal"": 5, ""non_generic"": 5, ""india_relevance"": 4, ""overall"": 4.4, ""verdict"": ""approve"", ""reason"": ""A strong, aspirational name that leverages a known buzzword and creates high click appeal.""}, ""Weekend Polos"": {""buzzword_authenticity"": 3, ""shopper_legibility"": 5, ""click_appeal"": 4, ""non_generic"": 2, ""india_relevance"": 5, ""overall"": 3.8, ""verdict"": ""approve"", ""reason"": ""Strong use-case appeal and high legibility make it a solid, if slightly generic, choice.""}, ""Breezy Blue Polos"": {""buzzword_authenticity"": 2, ""shopper_legibility"": 4, ""click_appeal"": 4, ""non_generic"": 1, ""india_relevance"": 5, ""overall"": 3.2, ""verdict"": ""flag"", ""reason"": ""Too literal and descriptive, lacks the aspirational quality of a true trend name.""}, ""Smart Casual Polos"": {""buzzword_authenticity"": 2, ""shopper_legibility"": 4, ""click_appeal"": 2, ""non_generic"": 1, ""india_relevance"": 5, ""overall"": 2.8, ""verdict"": ""flag"", ""reason"": ""Too generic and functional; reads more like a category filter than an inspiring trend name.""}}",Weekend Polos | Breezy Blue Polos | Off-Duty Essentials | Smart Casual Polos,"gender: Men, garment: Shirts, color: Blue, style: Relaxed / Loose, pattern: Abstract / Geometric, Logo / Graphic, Stripes, neckline: Polo Neck","Upgrade your casual game with these relaxed-fit polo shirts in shades of blue. Made from comfortable cotton blends, they feature diverse patterns from stripes to graphics, perfect for a weekend brunch or a casual day out.","This trend captures the demand for comfortable yet smart topwear for men. The combination of a relaxed fit, polo neckline, and the ever-popular blue color palette makes it a versatile and high-volume trend. The inclusion of various patterns indicates a move towards more expressive casual wear.","The trend is defined by product attributes like color (blue), silhouette (polo), and pattern (stripes, graphics).",2026-06-22,1,52,9,"mi_c408b7a9d9, mi_2704ff95cf, mi_5ca80812f8, mi_c408b7a9d9, mi_2704ff95cf"
trd_e8984ddfd3,Workleisure Trousers,,pending,,functional,new,Rising (consistent),"36 apparels; 0 breakout-star, 36 consistently-rising, 0 rising-momentum (Impetus labels)",0.0,"Rising (consistent) | velocity=0.0000 | 36 apparels; 0 breakout-star, 36 consistently-rising, 0 rising-momentum (Impetus labels)",Aug 2026 to 15 Oct 2026 (Impetus: peak=Oct 2026),social_crawl,high,rising,"Men Bottomwear bucket: mean_score=0.276 (below by 0.264), mean_velocity=0.0471 (slower by 0.0471), pct_rising=0.0%, bucket_size=4896 items",0.0,niche,Workleisure Trousers,niche,The 9-to-9 Pant,4.6,"All-Day Chinos, Smart Comfort Trousers",ok,"{""The 9-to-9 Pant"": {""buzzword_authenticity"": 3, ""shopper_legibility"": 5, ""click_appeal"": 5, ""non_generic"": 5, ""india_relevance"": 5, ""overall"": 4.6, ""verdict"": ""approve"", ""reason"": ""A highly compelling, legible, and relevant name that sells a lifestyle solution, not just a product.""}, ""Workleisure Trousers"": {""buzzword_authenticity"": 4, ""shopper_legibility"": 4, ""click_appeal"": 3, ""non_generic"": 3, ""india_relevance"": 5, ""overall"": 3.8, ""verdict"": ""approve"", ""reason"": ""A clear, relevant, and authentic buzzword that accurately describes the product's dual-purpose functionality.""}, ""All-Day Chinos"": {""buzzword_authenticity"": 2, ""shopper_legibility"": 5, ""click_appeal"": 3, ""non_generic"": 1, ""india_relevance"": 5, ""overall"": 3.2, ""verdict"": ""flag"", ""reason"": ""Too generic and descriptive, functioning more as a product category name than a compelling trend.""}, ""Smart Comfort Trousers"": {""buzzword_authenticity"": 2, ""shopper_legibility"": 4, ""click_appeal"": 3, ""non_generic"": 2, ""india_relevance"": 4, ""overall"": 3.0, ""verdict"": ""flag"", ""reason"": ""While legible and relevant, the name is generic and lacks the authenticity of a real buzzword.""}}",Workleisure Trousers | The 9-to-9 Pant | Smart Comfort Trousers | All-Day Chinos,"gender: Men, garment: Trousers, color: Neutral, style: Straight / Classic, pattern: Solid, fabric: Cotton",Meet your new go-to pants. These straight-fit cotton trousers in essential neutral shades are the perfect blend of office-appropriate and weekend-ready. Comfort that doesn't compromise on style.,"This trend directly addresses the 'Workleisure' movement, where consumers seek versatile clothing that transitions seamlessly from work to casual settings. The combination of a classic straight fit, neutral color, and comfortable cotton fabric makes these trousers a foundational piece in a modern man's wardrobe.","The trend is explicitly framed as 'Workleisure' and described as 'office-appropriate,' fitting the 'Work from Office' use-case.",2026-06-22,1,36,5,"mi_b7bae9cdff, mi_ac8fd31a9d, mi_b7bae9cdff, mi_ac8fd31a9d, mi_b7bae9cdff"
trd_9d44c49453,Y2K Slip Dresses,,pending,,attribute_driven,new,Rising (consistent),"36 apparels; 0 breakout-star, 36 consistently-rising, 0 rising-momentum (Impetus labels)",0.0,"Rising (consistent) | velocity=0.0000 | 36 apparels; 0 breakout-star, 36 consistently-rising, 0 rising-momentum (Impetus labels)",Jul 2026 to 15 Oct 2026 (Impetus: peak=Oct 2026),impetus,,,"Women Dresses bucket: mean_score=0.193 (above by 0.131), mean_velocity=0.0955 (slower by 0.0955), pct_rising=0.0%, bucket_size=5412 items",0.0,niche,Y2K Slip Dresses,niche,90s Nostalgia,4.0,Satin Slip Story,ok,"{""90s Nostalgia"": {""buzzword_authenticity"": 4, ""shopper_legibility"": 3, ""click_appeal"": 4, ""non_generic"": 5, ""india_relevance"": 4, ""overall"": 4.0, ""verdict"": ""approve"", ""reason"": ""Highly aspirational and non-generic, though it describes a vibe rather than the specific product.""}, ""Coquette Core"": {""buzzword_authenticity"": 5, ""shopper_legibility"": 2, ""click_appeal"": 4, ""non_generic"": 5, ""india_relevance"": 3, ""overall"": 3.8, ""verdict"": ""approve"", ""reason"": ""A powerful, current buzzword for a niche but highly engaged audience, despite lower legibility for the masses.""}, ""Y2K Slip Dresses"": {""buzzword_authenticity"": 4, ""shopper_legibility"": 5, ""click_appeal"": 3, ""non_generic"": 2, ""india_relevance"": 4, ""overall"": 3.6, ""verdict"": ""approve"", ""reason"": ""A clear, authentic, and highly legible name that leverages a popular buzzword.""}, ""Satin Slip Story"": {""buzzword_authenticity"": 2, ""shopper_legibility"": 4, ""click_appeal"": 3, ""non_generic"": 3, ""india_relevance"": 3, ""overall"": 3.0, ""verdict"": ""flag"", ""reason"": ""Lacks authentic buzzword quality and feels more like internal marketing jargon.""}}",Y2K Slip Dresses | 90s Nostalgia | Satin Slip Story | Coquette Core,"gender: Women, garment: Dresses, color: Pink, style: Slip / Cami, length: Midi, fabric: Polyester","The 90s are calling. Channel your inner icon with these midi slip dresses in pretty pinks. Featuring V-necks or halters and rendered in slinky polyester, they're perfect for a night out or layered for a chic day look.","This trend is a strong signal for the ongoing Y2K and 90s revival. The slip dress silhouette is iconic, and its resurgence in a trendy color like pink, with various patterns, makes it a highly sought-after item for a Gen-Z and Millennial audience.","The trend is defined by its specific attributes: silhouette (slip dress), color (pink), and style reference (Y2K).",2026-06-22,1,36,28,"mi_e2ab8186e9, mi_36bead60ab, mi_d364817668, mi_e2ab8186e9, mi_36bead60ab"
trd_4c3241efda,Resort Ready Shirts,,pending,,functional,new,Rising (consistent),"35 apparels; 0 breakout-star, 35 consistently-rising, 0 rising-momentum (Impetus labels)",0.0,"Rising (consistent) | velocity=0.0000 | 35 apparels; 0 breakout-star, 35 consistently-rising, 0 rising-momentum (Impetus labels)",Aug 2026 to 15 Oct 2026 (Impetus: peak=Oct 2026),social_crawl,,,"Men Topwear bucket: mean_score=0.188 (below by 0.159), mean_velocity=0.0827 (slower by 0.0827), pct_rising=0.0%, bucket_size=6588 items",0.0,niche,Resort Ready Shirts,niche,Vacay Mode On,4.8,Easy Breezy Stripes,ok,"{""Vacay Mode On"": {""buzzword_authenticity"": 5, ""shopper_legibility"": 5, ""click_appeal"": 5, ""non_generic"": 4, ""india_relevance"": 5, ""overall"": 4.8, ""verdict"": ""approve"", ""reason"": ""Perfectly leverages a popular social media phrase to create a highly clickable and relatable trend for vacation shoppers.""}, ""Coastal Cool"": {""buzzword_authenticity"": 4, ""shopper_legibility"": 4, ""click_appeal"": 5, ""non_generic"": 5, ""india_relevance"": 5, ""overall"": 4.6, ""verdict"": ""approve"", ""reason"": ""A highly aspirational and trendy name that perfectly captures the vacation aesthetic for the Indian market.""}, ""Resort Ready Shirts"": {""buzzword_authenticity"": 3, ""shopper_legibility"": 5, ""click_appeal"": 3, ""non_generic"": 2, ""india_relevance"": 5, ""overall"": 3.6, ""verdict"": ""approve"", ""reason"": ""A clear, functional name that directly addresses a popular use-case for Indian shoppers.""}, ""Easy Breezy Stripes"": {""buzzword_authenticity"": 2, ""shopper_legibility"": 5, ""click_appeal"": 3, ""non_generic"": 2, ""india_relevance"": 4, ""overall"": 3.2, ""verdict"": ""flag"", ""reason"": ""While legible and relevant for the climate, it lacks buzz and feels too generic to be a compelling trend name.""}}",Resort Ready Shirts | Coastal Cool | Easy Breezy Stripes | Vacay Mode On,"gender: Men, garment: Shirts, color: White, style: Relaxed / Loose, pattern: Stripes, fabric: Cotton","Get that out-of-office feeling with these relaxed, striped cotton shirts in crisp white. The loose fit and classic collar make them a perfect layer over a tee or worn on their own for a breezy, sophisticated look.","This trend taps into the 'coastal' or 'resort' aesthetic, which is popular for travel and leisure. The combination of a white base, classic stripes, and a relaxed silhouette evokes a sense of vacation and effortless style. It's a timeless look with perennial appeal.","The trend is explicitly named and described as 'Resort Ready,' which is a specific use-case driven category.",2026-06-22,1,35,11,"mi_99141193b0, mi_4fd480d1a5, mi_99141193b0, mi_4fd480d1a5, mi_99141193b0"
trd_0662d49695,Streetwear Staples: Graphic Hoodies,,pending,,attribute_driven,new,Rising (consistent),"33 apparels; 0 breakout-star, 33 consistently-rising, 0 rising-momentum (Impetus labels)",0.0,"Rising (consistent) | velocity=0.0000 | 33 apparels; 0 breakout-star, 33 consistently-rising, 0 rising-momentum (Impetus labels)",Jul 2026 to 15 Sep 2026 (Impetus: peak=Sep 2026),impetus,,,"Men Topwear bucket: mean_score=0.188 (below by 0.153), mean_velocity=0.0827 (slower by 0.0827), pct_rising=0.0%, bucket_size=6588 items",0.0,niche,Streetwear Staples,niche,Hypebeast Hoodies,4.6,"Streetwear Staples, Urban Layers, Graphic Hoodies",ok,"{""Hypebeast Hoodies"": {""buzzword_authenticity"": 5, ""shopper_legibility"": 4, ""click_appeal"": 5, ""non_generic"": 5, ""india_relevance"": 4, ""overall"": 4.6, ""verdict"": ""approve"", ""reason"": ""A highly authentic and aspirational buzzword that perfectly targets the streetwear-savvy shopper.""}, ""Streetwear Staples"": {""buzzword_authenticity"": 5, ""shopper_legibility"": 2, ""click_appeal"": 3, ""non_generic"": 2, ""india_relevance"": 5, ""overall"": 3.4, ""verdict"": ""flag"", ""reason"": ""Authentic term but too broad; fails to specify that the trend is about hoodies.""}, ""Urban Layers"": {""buzzword_authenticity"": 2, ""shopper_legibility"": 2, ""click_appeal"": 3, ""non_generic"": 3, ""india_relevance"": 3, ""overall"": 2.6, ""verdict"": ""flag"", ""reason"": ""Vague and sounds like invented marketing jargon rather than an authentic, specific trend.""}, ""Graphic Hoodies"": {""buzzword_authenticity"": 2, ""shopper_legibility"": 5, ""click_appeal"": 1, ""non_generic"": 1, ""india_relevance"": 3, ""overall"": 2.4, ""verdict"": ""reject"", ""reason"": ""This is a generic product category, not an engaging trend name; lacks all click appeal.""}}",Streetwear Staples | Graphic Hoodies | Hypebeast Hoodies | Urban Layers,"gender: Men, garment: Sweats/Hoodies, color: Black, style: Relaxed / Loose, pattern: Logo / Graphic","The ultimate streetwear essential. These relaxed-fit black hoodies feature bold graphics and logos, making them a statement piece for any casual look. Comfort and cool, combined.","The graphic hoodie is a cornerstone of modern streetwear and athleisure. This trend, defined by a popular black colorway, relaxed fit, and graphic elements, is a consistent high-performer, appealing to a wide audience seeking comfortable and expressive clothing.","The trend is defined by product attributes like garment type (hoodie), pattern (graphic), and fit (relaxed), which are characteristic of the streetwear style.",2026-06-22,1,33,12,"mi_863ec6efa6, mi_b3145d1b4b, mi_863ec6efa6, mi_b3145d1b4b, mi_863ec6efa6"
trd_2e56ff00ac,The Power Jumpsuit,,pending,,attribute_driven,new,Rising (consistent),"31 apparels; 0 breakout-star, 31 consistently-rising, 0 rising-momentum (Impetus labels)",0.0,"Rising (consistent) | velocity=0.0000 | 31 apparels; 0 breakout-star, 31 consistently-rising, 0 rising-momentum (Impetus labels)",Jul 2026 to 15 Oct 2026 (Impetus: peak=Oct 2026),impetus,,,"Women Bottomwear bucket: mean_score=0.327 (above by 0.491), mean_velocity=0.0668 (slower by 0.0668), pct_rising=0.0%, bucket_size=7998 items",0.0,rate_limited,The Power Jumpsuit,rate_limited,Desk to Dinner,5.0,Classic Black Jumpsuit,ok,"{""Desk to Dinner"": {""buzzword_authenticity"": 5, ""shopper_legibility"": 5, ""click_appeal"": 5, ""non_generic"": 5, ""india_relevance"": 5, ""overall"": 5.0, ""verdict"": ""approve"", ""reason"": ""Perfectly captures the key use-case with a well-known, highly clickable buzz-phrase.""}, ""The Power Jumpsuit"": {""buzzword_authenticity"": 4, ""shopper_legibility"": 5, ""click_appeal"": 5, ""non_generic"": 4, ""india_relevance"": 5, ""overall"": 4.6, ""verdict"": ""approve"", ""reason"": ""Aspirational, clear, and highly relevant to the modern Indian working woman's wardrobe.""}, ""One-and-Done Outfit"": {""buzzword_authenticity"": 4, ""shopper_legibility"": 5, ""click_appeal"": 4, ""non_generic"": 4, ""india_relevance"": 4, ""overall"": 4.2, ""verdict"": ""approve"", ""reason"": ""Effectively highlights the convenience and ease of a jumpsuit, which is a strong selling point.""}, ""Classic Black Jumpsuit"": {""buzzword_authenticity"": 1, ""shopper_legibility"": 5, ""click_appeal"": 2, ""non_generic"": 1, ""india_relevance"": 3, ""overall"": 2.4, ""verdict"": ""reject"", ""reason"": ""Too generic and descriptive; lacks the click-appeal and aspiration of a curated trend name.""}}",The Power Jumpsuit | Desk to Dinner | One-and-Done Outfit | Classic Black Jumpsuit,"gender: Women, garment: Jumpsuits/Rompers, color: Black, style: Straight / Classic, pattern: Solid","Your search for the perfect one-and-done outfit ends here. This solid black jumpsuit features a classic straight-leg silhouette in a versatile polyester fabric, making it easy to dress up or down for any occasion.","This trend represents a core wardrobe solution for women. The black jumpsuit is a timeless piece that offers both sophistication and ease. The straight-fit silhouette is flattering for many body types, and its versatility for different occasions makes it a strong commercial driver.","The trend is defined by its attributes: garment type (jumpsuit), color (black), and silhouette (straight-leg).",2026-06-22,1,31,16,"mi_fb3e1810a4, mi_fb3e1810a4, mi_7ed3fedfa3, mi_fb3e1810a4, mi_7ed3fedfa3"
trd_4d80a9d6c9,Coastal Knits,,pending,,attribute_driven,new,Rising (consistent),"31 apparels; 0 breakout-star, 31 consistently-rising, 0 rising-momentum (Impetus labels)",0.0,"Rising (consistent) | velocity=0.0000 | 31 apparels; 0 breakout-star, 31 consistently-rising, 0 rising-momentum (Impetus labels)",Jul 2026 to 15 Oct 2026 (Impetus: peak=Oct 2026),impetus,,,"Women Topwear bucket: mean_score=0.189 (below by 0.158), mean_velocity=0.1004 (slower by 0.1004), pct_rising=0.0%, bucket_size=7542 items",0.0,rate_limited,Coastal Knits,rate_limited,Preppy Pullovers,4.2,"Nautical & Nice, Breton Stripe Revival",ok,"{""Preppy Pullovers"": {""buzzword_authenticity"": 5, ""shopper_legibility"": 5, ""click_appeal"": 4, ""non_generic"": 4, ""india_relevance"": 3, ""overall"": 4.2, ""verdict"": ""approve"", ""reason"": ""Highly legible and authentic name that perfectly captures the trend's core preppy aesthetic.""}, ""Coastal Knits"": {""buzzword_authenticity"": 4, ""shopper_legibility"": 4, ""click_appeal"": 4, ""non_generic"": 4, ""india_relevance"": 3, ""overall"": 3.8, ""verdict"": ""approve"", ""reason"": ""A strong, legible name that taps into the popular and aspirational 'coastal' aesthetic trend.""}, ""Nautical & Nice"": {""buzzword_authenticity"": 2, ""shopper_legibility"": 3, ""click_appeal"": 3, ""non_generic"": 4, ""india_relevance"": 3, ""overall"": 3.0, ""verdict"": ""flag"", ""reason"": ""The pun feels a bit forced and lacks the authenticity of a real trend buzzword.""}, ""Breton Stripe Revival"": {""buzzword_authenticity"": 3, ""shopper_legibility"": 2, ""click_appeal"": 3, ""non_generic"": 5, ""india_relevance"": 2, ""overall"": 3.0, ""verdict"": ""flag"", ""reason"": ""Too technical and Euro-centric for broad appeal, despite its accuracy and non-generic nature.""}}",Coastal Knits | Preppy Pullovers | Nautical & Nice | Breton Stripe Revival,"gender: Women, garment: Knitwear, color: Blue, style: Relaxed / Loose, pattern: Stripes, Logo / Graphic","Embrace a timeless, preppy vibe with these relaxed-fit knit sweaters. Featuring classic stripes or subtle graphics in shades of blue, they're the perfect piece for a breezy evening or a layered daytime look.","This trend combines the enduring appeal of nautical stripes with the comfort of relaxed knitwear. The blue color palette reinforces the coastal, preppy aesthetic that is a consistent theme in fashion, often associated with a polished, 'old money' sensibility.","The trend is defined by product attributes like garment type (knitwear), color (blue), and pattern (stripes), evoking a 'coastal' aesthetic.",2026-06-22,1,31,37,"mi_07d5e88197, mi_cd75af8e28, mi_ec395aa923, mi_07d5e88197, mi_ec395aa923"
trd_7c221cc41a,Statement Jumpsuits,,pending,,attribute_driven,new,Rising (consistent),"24 apparels; 0 breakout-star, 24 consistently-rising, 0 rising-momentum (Impetus labels)",0.0,"Rising (consistent) | velocity=0.0000 | 24 apparels; 0 breakout-star, 24 consistently-rising, 0 rising-momentum (Impetus labels)",Jul 2026 to 15 Oct 2026 (Impetus: peak=Oct 2026),impetus,,,"Women Bottomwear bucket: mean_score=0.327 (above by 0.423), mean_velocity=0.0668 (slower by 0.0668), pct_rising=0.0%, bucket_size=7998 items",0.0,rate_limited,Statement Jumpsuits,rate_limited,Maximalist Moment,4.0,"Head-Turner Jumpsuits, Statement Jumpsuits, Jungle Fever",ok,"{""Maximalist Moment"": {""buzzword_authenticity"": 4, ""shopper_legibility"": 3, ""click_appeal"": 4, ""non_generic"": 5, ""india_relevance"": 4, ""overall"": 4.0, ""verdict"": ""approve"", ""reason"": ""A trendy, aspirational name that captures the bold essence of the trend and has high click appeal.""}, ""Head-Turner Jumpsuits"": {""buzzword_authenticity"": 2, ""shopper_legibility"": 5, ""click_appeal"": 4, ""non_generic"": 2, ""india_relevance"": 4, ""overall"": 3.4, ""verdict"": ""flag"", ""reason"": ""Very clear and has high click-appeal, but lacks buzzword authenticity and feels more like a marketing tagline.""}, ""Statement Jumpsuits"": {""buzzword_authenticity"": 3, ""shopper_legibility"": 4, ""click_appeal"": 3, ""non_generic"": 2, ""india_relevance"": 4, ""overall"": 3.2, ""verdict"": ""flag"", ""reason"": ""A safe but slightly generic option that clearly communicates the product's intent.""}, ""Jungle Fever"": {""buzzword_authenticity"": 2, ""shopper_legibility"": 3, ""click_appeal"": 2, ""non_generic"": 4, ""india_relevance"": 1, ""overall"": 2.4, ""verdict"": ""reject"", ""reason"": ""Dated, potentially problematic phrase that doesn't fully represent the trend and has low relevance.""}}",Statement Jumpsuits | Maximalist Moment | Jungle Fever | Head-Turner Jumpsuits,"gender: Women, garment: Jumpsuits/Rompers, color: Black, style: Wide / Flared, pattern: Logo / Graphic, Animal","Dare to be bold in these wide-leg jumpsuits. Featuring eye-catching animal prints or graphic logos on a classic black base, this is the ultimate head-turning piece for a night on the town.",This trend caters to the customer looking for high-impact occasion wear. The combination of a dramatic wide-leg silhouette with bold patterns like animal prints creates a maximalist aesthetic that stands out. It's a fashion-forward choice for parties and events.,"The trend is defined by its distinct product attributes: silhouette (wide-leg) and pattern (animal prints, graphic logos).",2026-06-22,1,24,17,"mi_9bd6ca0691, mi_d76cdd33f9, mi_9bd6ca0691, mi_d76cdd33f9, mi_9bd6ca0691"
trd_4effbac41e,Monsoon Ready Shorts,,pending,,functional,new,Rising (consistent),"24 apparels; 0 breakout-star, 24 consistently-rising, 0 rising-momentum (Impetus labels)",0.0,"Rising (consistent) | velocity=0.0000 | 24 apparels; 0 breakout-star, 24 consistently-rising, 0 rising-momentum (Impetus labels)",Aug 2026 to 15 Sep 2026 (Impetus: peak=Sep 2026),social_crawl,high,evergreen,"Women Bottomwear bucket: mean_score=0.327 (below by 0.282), mean_velocity=0.0668 (slower by 0.0668), pct_rising=0.0%, bucket_size=7998 items",0.0,rate_limited,Monsoon Ready Shorts,rate_limited,Monsoon Ready Shorts,4.2,"Gym & Tonic, Quick-Dry Shorts",ok,"{""Monsoon Ready Shorts"": {""buzzword_authenticity"": 4, ""shopper_legibility"": 5, ""click_appeal"": 4, ""non_generic"": 3, ""india_relevance"": 5, ""overall"": 4.2, ""verdict"": ""approve"", ""reason"": ""Highly relevant and legible for the Indian market, directly addressing a specific seasonal need.""}, ""Athleisure Essentials"": {""buzzword_authenticity"": 5, ""shopper_legibility"": 4, ""click_appeal"": 4, ""non_generic"": 2, ""india_relevance"": 3, ""overall"": 3.6, ""verdict"": ""approve"", ""reason"": ""Leverages a strong global buzzword but is too broad and misses the specific monsoon-ready benefit.""}, ""Gym & Tonic"": {""buzzword_authenticity"": 1, ""shopper_legibility"": 2, ""click_appeal"": 4, ""non_generic"": 5, ""india_relevance"": 2, ""overall"": 2.8, ""verdict"": ""flag"", ""reason"": ""Creative and non-generic, but confusing, lacks authenticity as a buzzword, and feels culturally niche.""}, ""Quick-Dry Shorts"": {""buzzword_authenticity"": 2, ""shopper_legibility"": 5, ""click_appeal"": 2, ""non_generic"": 1, ""india_relevance"": 3, ""overall"": 2.6, ""verdict"": ""flag"", ""reason"": ""Too functional and generic; reads like a product attribute rather than a compelling trend name.""}}",Monsoon Ready Shorts | Athleisure Essentials | Quick-Dry Shorts | Gym & Tonic,"gender: Women, garment: Shorts, color: Black, style: Relaxed / Loose, fabric: Polyester","Don't let the rain stop you. These relaxed-fit black shorts are made from quick-drying polyester, making them a practical and stylish choice for gloomy weather, workouts, or just lounging at home.","This trend is a perfect example of functional fashion tailored to the Indian market. The 'Monsoon Ready' buzzword directly addresses a specific seasonal need. The combination of a short length, quick-dry fabric, and a versatile black color makes this a highly practical and desirable item during the rainy season.","The trend is explicitly named and described as 'Monsoon Ready,' a specific use-case driven by weather conditions.",2026-06-22,1,24,22,"mi_2af0f8d72c, mi_06e2286483, mi_2af0f8d72c, mi_06e2286483, mi_2af0f8d72c"
trd_475a86a8c0,Indo-Western Fusion Dresses,,pending,,occasion_festival,new,Rising (consistent),"24 apparels; 0 breakout-star, 24 consistently-rising, 0 rising-momentum (Impetus labels)",0.0,"Rising (consistent) | velocity=0.0000 | 24 apparels; 0 breakout-star, 24 consistently-rising, 0 rising-momentum (Impetus labels)",Jun 2026 to 15 Oct 2026 (Impetus: peak=Oct 2026),social_crawl,high,evergreen,"Women Dresses bucket: mean_score=0.193 (above by 0.312), mean_velocity=0.0955 (slower by 0.0955), pct_rising=0.0%, bucket_size=5412 items",0.0,rate_limited,Indo Western Fusion Dresses,rate_limited,Fusion Fiesta,4.0,Block Print Bohemia,ok,"{""Fusion Fiesta"": {""buzzword_authenticity"": 3, ""shopper_legibility"": 4, ""click_appeal"": 5, ""non_generic"": 4, ""india_relevance"": 4, ""overall"": 4.0, ""verdict"": ""approve"", ""reason"": ""A catchy, high-energy name with strong click appeal that perfectly suits the festive occasion context.""}, ""Modern Ethnic"": {""buzzword_authenticity"": 4, ""shopper_legibility"": 5, ""click_appeal"": 3, ""non_generic"": 2, ""india_relevance"": 5, ""overall"": 3.8, ""verdict"": ""approve"", ""reason"": ""A clear, relevant, and widely understood term that accurately describes the trend with a touch of modern aspiration.""}, ""Indo-Western Fusion"": {""buzzword_authenticity"": 5, ""shopper_legibility"": 5, ""click_appeal"": 2, ""non_generic"": 1, ""india_relevance"": 5, ""overall"": 3.6, ""verdict"": ""approve"", ""reason"": ""A highly legible and relevant term, though it lacks unique click appeal and feels more like a category than a trend.""}, ""Block Print Bohemia"": {""buzzword_authenticity"": 2, ""shopper_legibility"": 3, ""click_appeal"": 4, ""non_generic"": 5, ""india_relevance"": 3, ""overall"": 3.4, ""verdict"": ""flag"", ""reason"": ""Creative and non-generic, but the 'Bohemia' aesthetic may not match the product and lacks buzzword authenticity.""}}",Indo-Western Fusion | Modern Ethnic | Fusion Fiesta | Block Print Bohemia,"gender: Women, garment: Dresses, color: Pink, style: Straight / Classic, pattern: Ethnic / Block","A contemporary take on traditional style. These straight-cut midi dresses in charming pink hues feature beautiful ethnic block prints, perfect for festive gatherings, casual celebrations, or a day out.","This is a core trend in the Indian market, blending Western silhouettes like the midi dress with traditional Indian crafts like block printing. It appeals to a modern consumer who wants to celebrate her heritage with contemporary, easy-to-wear pieces. The pink color adds a fresh, festive touch.","The trend combines ethnic prints with a description of being 'perfect for festive gatherings,' aligning it with the general cultural festive season.",2026-06-22,1,24,29,"mi_fb6781ce14, mi_482886b4cc, mi_fb6781ce14, mi_482886b4cc, mi_fb6781ce14"
trd_d9f64ab8b5,"The LBD, Reimagined",,pending,,attribute_driven,new,Rising (consistent),"24 apparels; 0 breakout-star, 24 consistently-rising, 0 rising-momentum (Impetus labels)",0.0,"Rising (consistent) | velocity=0.0000 | 24 apparels; 0 breakout-star, 24 consistently-rising, 0 rising-momentum (Impetus labels)",Aug 2026 to 15 Sep 2026 (Impetus: peak=Sep 2026),impetus,,,"Women Dresses bucket: mean_score=0.193 (below by 0.181), mean_velocity=0.0955 (slower by 0.0955), pct_rising=0.0%, bucket_size=5412 items",0.0,rate_limited,The LBD Reimagined,rate_limited,"The LBD, Reimagined",4.6,"Siren Style, Bodycon Basics",ok,"{""The LBD, Reimagined"": {""buzzword_authenticity"": 5, ""shopper_legibility"": 5, ""click_appeal"": 4, ""non_generic"": 4, ""india_relevance"": 5, ""overall"": 4.6, ""verdict"": ""approve"", ""reason"": ""Leverages the universal recognition of 'LBD' while promising a fresh, modern update.""}, ""Date Night Dresses"": {""buzzword_authenticity"": 4, ""shopper_legibility"": 5, ""click_appeal"": 5, ""non_generic"": 3, ""india_relevance"": 5, ""overall"": 4.4, ""verdict"": ""approve"", ""reason"": ""Excellent click appeal by targeting a highly relevant and searched-for use-case.""}, ""Siren Style"": {""buzzword_authenticity"": 4, ""shopper_legibility"": 2, ""click_appeal"": 4, ""non_generic"": 5, ""india_relevance"": 2, ""overall"": 3.4, ""verdict"": ""flag"", ""reason"": ""Low legibility and niche India relevance risk confusing a broad audience.""}, ""Bodycon Basics"": {""buzzword_authenticity"": 3, ""shopper_legibility"": 4, ""click_appeal"": 2, ""non_generic"": 2, ""india_relevance"": 3, ""overall"": 2.8, ""verdict"": ""flag"", ""reason"": ""Too functional and generic; lacks the aspirational click appeal for this category.""}}","The LBD, Reimagined | Date Night Dresses | Bodycon Basics | Siren Style","gender: Women, garment: Tops, color: Black, style: Fitted / Bodycon, pattern: Solid, fabric: Cotton","Every wardrobe needs a little black dress. This one, in a fitted bodycon silhouette and comfortable cotton, is a modern classic. With various necklines and lengths, it's the perfect canvas for any occasion.","The Little Black Dress (LBD) is an evergreen concept. This trend signal shows a demand for a modern, body-conscious version. The 'Fitted/Bodycon' style is popular for evening wear and social occasions, making this a reliable and essential category.","This is a classic fashion staple defined by its core attributes: a black dress (LBD), with specific silhouette and fabric details.",2026-06-22,1,24,35,"mi_a399c9808b, mi_473ba5334c, mi_a399c9808b, mi_473ba5334c, mi_a399c9808b"
trd_c0182771de,Espresso Edit Knits,,pending,,attribute_driven,new,Rising (consistent),"12 apparels; 0 breakout-star, 12 consistently-rising, 0 rising-momentum (Impetus labels)",0.0,"Rising (consistent) | velocity=0.0000 | 12 apparels; 0 breakout-star, 12 consistently-rising, 0 rising-momentum (Impetus labels)",Jul 2026 to 15 Sep 2026 (Impetus: peak=Sep 2026),impetus,,,"Women Topwear bucket: mean_score=0.189 (below by 0.152), mean_velocity=0.1004 (slower by 0.1004), pct_rising=0.0%, bucket_size=7542 items",0.0,rate_limited,Espresso Edit Knits,rate_limited,Quiet Luxury Knits,4.4,Mocha Moments,ok,"{""Quiet Luxury Knits"": {""buzzword_authenticity"": 5, ""shopper_legibility"": 3, ""click_appeal"": 5, ""non_generic"": 5, ""india_relevance"": 4, ""overall"": 4.4, ""verdict"": ""approve"", ""reason"": ""Leverages a major, highly aspirational buzzword, though there's a slight mismatch with the product's graphic details.""}, ""Espresso Edit"": {""buzzword_authenticity"": 3, ""shopper_legibility"": 4, ""click_appeal"": 4, ""non_generic"": 4, ""india_relevance"": 5, ""overall"": 4.0, ""verdict"": ""approve"", ""reason"": ""Evokes a sophisticated, rich color story that resonates well with the Indian coffee culture.""}, ""Mocha Moments"": {""buzzword_authenticity"": 2, ""shopper_legibility"": 4, ""click_appeal"": 4, ""non_generic"": 4, ""india_relevance"": 5, ""overall"": 3.8, ""verdict"": ""flag"", ""reason"": ""Strong on appeal and relevance but lacks authentic buzzword status, feeling more like internal marketing copy.""}, ""Cozy Core"": {""buzzword_authenticity"": 3, ""shopper_legibility"": 5, ""click_appeal"": 4, ""non_generic"": 3, ""india_relevance"": 4, ""overall"": 3.8, ""verdict"": ""approve"", ""reason"": ""Clearly communicates a desirable feeling and uses an authentic Gen-Z naming format, making it instantly understandable.""}}",Espresso Edit | Mocha Moments | Quiet Luxury Knits | Cozy Core,"gender: Women, garment: Knitwear, color: Brown, style: Relaxed / Loose, pattern: Logo / Graphic, fabric: Wool",Wrap yourself in the richest color of the season. These relaxed-fit knit sweaters in deep brown wool feature subtle graphics for a touch of personality. The perfect cozy piece for cooler days.,"This trend leverages the 'Espresso/Mocha Brown' color story, which is a major global trend. Paired with a cozy, relaxed-fit knit, it taps into the desire for comfortable, sophisticated, and on-trend pieces for the autumn/winter season, aligning with the 'Quiet Luxury' aesthetic.",The trend is primarily driven by a specific color ('Espresso' for deep brown) and other attributes like fabric (wool) and garment type (knitwear).,2026-06-22,1,12,38,"mi_042786525a, mi_042786525a, mi_042786525a, mi_042786525a, mi_042786525a"
trd_fff897c1bd,Clean Girl Denim,,pending,,attribute_driven,new,Rising (consistent),"12 apparels; 0 breakout-star, 12 consistently-rising, 0 rising-momentum (Impetus labels)",0.0,"Rising (consistent) | velocity=0.0000 | 12 apparels; 0 breakout-star, 12 consistently-rising, 0 rising-momentum (Impetus labels)",Aug 2026 to 15 Sep 2026 (Impetus: peak=Sep 2026),social_crawl,high,hot,"Women Bottomwear bucket: mean_score=0.327 (below by 0.282), mean_velocity=0.0668 (slower by 0.0668), pct_rising=0.0%, bucket_size=7998 items",0.0,rate_limited,Clean Girl Denim,rate_limited,Quiet Luxury Denim,4.6,"The Perfect White Jeans, Ivory Denim Days",ok,"{""Quiet Luxury Denim"": {""buzzword_authenticity"": 5, ""shopper_legibility"": 4, ""click_appeal"": 5, ""non_generic"": 5, ""india_relevance"": 4, ""overall"": 4.6, ""verdict"": ""approve"", ""reason"": ""Perfectly captures a major global trend, framing a simple product with high aspiration and sophistication.""}, ""Clean Girl Denim"": {""buzzword_authenticity"": 5, ""shopper_legibility"": 4, ""click_appeal"": 5, ""non_generic"": 4, ""india_relevance"": 4, ""overall"": 4.4, ""verdict"": ""approve"", ""reason"": ""Directly leverages a highly popular and aspirational social media aesthetic, making it instantly recognizable and clickable.""}, ""The Perfect White Jeans"": {""buzzword_authenticity"": 1, ""shopper_legibility"": 5, ""click_appeal"": 4, ""non_generic"": 2, ""india_relevance"": 4, ""overall"": 3.2, ""verdict"": ""flag"", ""reason"": ""While highly legible and appealing, it's too generic and lacks the buzzword authenticity needed for a trend name.""}, ""Ivory Denim Days"": {""buzzword_authenticity"": 1, ""shopper_legibility"": 3, ""click_appeal"": 3, ""non_generic"": 4, ""india_relevance"": 4, ""overall"": 3.0, ""verdict"": ""flag"", ""reason"": ""A pleasant but invented phrase that lacks buzzword power and strong click appeal, despite being non-generic.""}}",Clean Girl Denim | The Perfect White Jeans | Ivory Denim Days | Quiet Luxury Denim,"gender: Women, garment: Denim, color: White, style: Straight / Classic, pattern: Solid, length: Ankle","The epitome of chic, minimalist style. These straight-fit, ankle-length jeans in a crisp solid white are the foundation for a polished, 'Clean Girl' aesthetic. Pair them with anything from a basic tee to a silk cami.","White denim is a sophisticated alternative to classic blue and aligns perfectly with the 'Clean Girl' and 'Quiet Luxury' macro trends. The straight-leg, ankle-length cut is a contemporary and flattering silhouette that has become a modern classic.","The trend is defined by specific product attributes (white, straight-fit denim) that create the 'Clean Girl' aesthetic, which is a look-based trend.",2026-06-22,1,12,13,"mi_e9d744deab, mi_e9d744deab, mi_e9d744deab, mi_e9d744deab, mi_e9d744deab"
trd_d6bc036b0c,Cargo Comeback,,pending,,attribute_driven,new,Rising (consistent),"18 apparels; 0 breakout-star, 18 consistently-rising, 0 rising-momentum (Impetus labels)",0.0,"Rising (consistent) | velocity=0.0000 | 18 apparels; 0 breakout-star, 18 consistently-rising, 0 rising-momentum (Impetus labels)",Aug 2026 to 15 Sep 2026 (Impetus: peak=Sep 2026),social_crawl,,,"Men Bottomwear bucket: mean_score=0.276 (below by 0.256), mean_velocity=0.0471 (slower by 0.0471), pct_rising=0.0%, bucket_size=4896 items",0.0,rate_limited,Cargo Comeback,rate_limited,Cargo Comeback,4.4,"Gorpcore Trousers, Utility Cargos",ok,"{""Cargo Comeback"": {""buzzword_authenticity"": 4, ""shopper_legibility"": 5, ""click_appeal"": 4, ""non_generic"": 4, ""india_relevance"": 5, ""overall"": 4.4, ""verdict"": ""approve"", ""reason"": ""Strong, clear, and timely name that leverages a well-understood fashion narrative of a returning trend.""}, ""Street-Ready Cargos"": {""buzzword_authenticity"": 3, ""shopper_legibility"": 5, ""click_appeal"": 4, ""non_generic"": 4, ""india_relevance"": 5, ""overall"": 4.2, ""verdict"": ""approve"", ""reason"": ""Perfectly positions the product within the popular streetwear trend, making it aspirational and clear.""}, ""Gorpcore Trousers"": {""buzzword_authenticity"": 4, ""shopper_legibility"": 2, ""click_appeal"": 3, ""non_generic"": 5, ""india_relevance"": 3, ""overall"": 3.4, ""verdict"": ""flag"", ""reason"": ""Too niche for a broad audience; 'Gorpcore' lacks legibility for the average Indian shopper.""}, ""Utility Cargos"": {""buzzword_authenticity"": 2, ""shopper_legibility"": 4, ""click_appeal"": 2, ""non_generic"": 2, ""india_relevance"": 4, ""overall"": 2.8, ""verdict"": ""flag"", ""reason"": ""Lacks click appeal and buzz; it's too descriptive and functional to be exciting for shoppers.""}}",Cargo Comeback | Gorpcore Trousers | Utility Cargos | Street-Ready Cargos,"gender: Men, garment: Trousers, color: Neutral, style: Utility, pattern: Solid, fabric: Cotton","The ultimate utility pant is back and better than ever. These cotton cargo trousers in versatile neutral shades feature a modern utility style, perfect for channeling the gorpcore and streetwear trends.","This trend highlights the massive resurgence of cargo and utility pants, driven by both the Y2K revival and the functional 'Gorpcore' aesthetic. The solid neutral color and cotton fabric make them a wearable, mainstream interpretation of the trend for the male consumer.","The trend is defined by the specific utility/cargo silhouette and fabric, which are product attributes.",2026-06-22,1,18,6,"mi_a37ca076bb, mi_a37ca076bb, mi_a37ca076bb, mi_a37ca076bb, mi_a37ca076bb"
trd_2c1bf6b754,Korean Pants,,pending,,attribute_driven,new,Rising (consistent),"18 apparels; 0 breakout-star, 18 consistently-rising, 0 rising-momentum (Impetus labels)",0.0,"Rising (consistent) | velocity=0.0000 | 18 apparels; 0 breakout-star, 18 consistently-rising, 0 rising-momentum (Impetus labels)",Jul 2026 to 15 Sep 2026 (Impetus: peak=Sep 2026),social_crawl,,,"Men Bottomwear bucket: mean_score=0.276 (below by 0.25), mean_velocity=0.0471 (slower by 0.0471), pct_rising=0.0%, bucket_size=4896 items",0.0,rate_limited,Korean Pants,rate_limited,Korean Pants,4.8,"Wide-Leg Track Pants, Athflow Bottoms",ok,"{""Korean Pants"": {""buzzword_authenticity"": 5, ""shopper_legibility"": 5, ""click_appeal"": 5, ""non_generic"": 4, ""india_relevance"": 5, ""overall"": 4.8, ""verdict"": ""approve"", ""reason"": ""Directly taps into the highly relevant and aspirational K-fashion trend with excellent clarity and click appeal.""}, ""Street Style Joggers"": {""buzzword_authenticity"": 5, ""shopper_legibility"": 4, ""click_appeal"": 4, ""non_generic"": 3, ""india_relevance"": 4, ""overall"": 4.0, ""verdict"": ""approve"", ""reason"": ""Effectively uses the 'Street Style' buzzword to create an aspirational and understandable trend name.""}, ""Wide-Leg Track Pants"": {""buzzword_authenticity"": 2, ""shopper_legibility"": 5, ""click_appeal"": 2, ""non_generic"": 1, ""india_relevance"": 3, ""overall"": 2.6, ""verdict"": ""flag"", ""reason"": ""Too generic and descriptive, lacking the aspirational click appeal of a strong trend name.""}, ""Athflow Bottoms"": {""buzzword_authenticity"": 2, ""shopper_legibility"": 2, ""click_appeal"": 2, ""non_generic"": 4, ""india_relevance"": 2, ""overall"": 2.4, ""verdict"": ""reject"", ""reason"": ""The term 'Athflow' is an outdated buzzword with low legibility for the target audience, making it confusing.""}}",Korean Pants | Wide-Leg Track Pants | Street Style Joggers | Athflow Bottoms,"gender: Men, garment: Joggers/Knit Bottoms, color: Green, style: Wide / Flared, pattern: Stripes","Channel that Seoul street style with these wide-leg joggers. Featuring sporty side stripes on a polyester fabric, they offer the perfect blend of athletic comfort and a fashion-forward, flared silhouette.",'Korean Pants' has become a mainstream buzzword in India for wide-leg trousers and joggers. This trend directly captures that search intent. The combination of a wide/flared silhouette with athleisure elements like stripes creates a very current and commercially strong look.,"The trend is defined by its specific silhouette (wide-leg, flared) and pattern (stripes), which are characteristic of the 'Korean street style' look.",2026-06-22,1,18,2,"mi_19dccbc659, mi_19dccbc659, mi_19dccbc659, mi_19dccbc659, mi_19dccbc659"
trd_f5021a71dc,Techwear Joggers,,pending,,attribute_driven,new,Rising (consistent),"10 apparels; 0 breakout-star, 10 consistently-rising, 0 rising-momentum (Impetus labels)",0.0,"Rising (consistent) | velocity=0.0000 | 10 apparels; 0 breakout-star, 10 consistently-rising, 0 rising-momentum (Impetus labels)",Jul 2026 to 15 Oct 2026 (Impetus: peak=Oct 2026),social_crawl,,,"Men Bottomwear bucket: mean_score=0.276 (below by 0.239), mean_velocity=0.0471 (slower by 0.0471), pct_rising=0.0%, bucket_size=4896 items",0.0,rate_limited,Techwear Joggers,rate_limited,Techwear Joggers,4.2,"Urban Utility, Functional Fits",ok,"{""Techwear Joggers"": {""buzzword_authenticity"": 5, ""shopper_legibility"": 4, ""click_appeal"": 4, ""non_generic"": 4, ""india_relevance"": 4, ""overall"": 4.2, ""verdict"": ""approve"", ""reason"": ""A strong, authentic buzzword that clearly defines the product's aesthetic and has growing relevance.""}, ""Gorpcore Joggers"": {""buzzword_authenticity"": 5, ""shopper_legibility"": 2, ""click_appeal"": 3, ""non_generic"": 5, ""india_relevance"": 3, ""overall"": 3.6, ""verdict"": ""approve"", ""reason"": ""A genuine and specific buzzword, but its niche nature may limit legibility for the broader Indian shopper.""}, ""Urban Utility"": {""buzzword_authenticity"": 2, ""shopper_legibility"": 5, ""click_appeal"": 3, ""non_generic"": 3, ""india_relevance"": 4, ""overall"": 3.4, ""verdict"": ""flag"", ""reason"": ""Highly legible and relevant, but lacks buzzword authenticity and feels more like a generic descriptor.""}, ""Functional Fits"": {""buzzword_authenticity"": 2, ""shopper_legibility"": 4, ""click_appeal"": 2, ""non_generic"": 2, ""india_relevance"": 3, ""overall"": 2.6, ""verdict"": ""flag"", ""reason"": ""While somewhat legible, the name is too generic and lacks the aspirational appeal of a real trend.""}}",Techwear Joggers | Urban Utility | Gorpcore Joggers | Functional Fits,"gender: Men, garment: Joggers/Knit Bottoms, color: Black, style: Utility, pattern: Solid",Engineered for the urban jungle. These solid black utility joggers in a functional polyester fabric are the cornerstone of a modern techwear or gorpcore look. Style meets performance.,"This trend points to a growing interest in 'Techwear' and 'Gorpcore', which prioritize functionality and a futuristic, utilitarian aesthetic. The combination of a 'Utility' style, a performance-oriented polyester fabric, and a sleek black colorway perfectly defines this niche but growing trend.","While referencing functionality, the trend is primarily defined by the 'techwear' aesthetic, which is characterized by attributes like utility pockets and performance fabrics.",2026-06-22,1,10,1,"mi_7a97a024b4, mi_7a97a024b4, mi_7a97a024b4, mi_7a97a024b4, mi_7a97a024b4"
trd_047599054f,Quiet Luxury Shirts,,pending,,attribute_driven,new,Rising (consistent),"12 apparels; 0 breakout-star, 12 consistently-rising, 0 rising-momentum (Impetus labels)",0.0,"Rising (consistent) | velocity=0.0000 | 12 apparels; 0 breakout-star, 12 consistently-rising, 0 rising-momentum (Impetus labels)",Aug 2026 to 15 Oct 2026 (Impetus: peak=Oct 2026),social_crawl,high,hot,"Women Topwear bucket: mean_score=0.189 (below by 0.165), mean_velocity=0.1004 (slower by 0.1004), pct_rising=0.0%, bucket_size=7542 items",0.0,rate_limited,Quiet Luxury Shirts,rate_limited,Quiet Luxury,4.6,"Office Siren, The Timeless Shirt",ok,"{""Quiet Luxury"": {""buzzword_authenticity"": 5, ""shopper_legibility"": 4, ""click_appeal"": 5, ""non_generic"": 5, ""india_relevance"": 4, ""overall"": 4.6, ""verdict"": ""approve"", ""reason"": ""A highly authentic, aspirational buzzword that perfectly captures the trend's essence of understated elegance.""}, ""Old Money Aesthetic"": {""buzzword_authenticity"": 5, ""shopper_legibility"": 4, ""click_appeal"": 4, ""non_generic"": 5, ""india_relevance"": 3, ""overall"": 4.2, ""verdict"": ""approve"", ""reason"": ""A strong, authentic buzzword, though its Western cultural context makes it slightly less relevant for the Indian market.""}, ""Office Siren"": {""buzzword_authenticity"": 4, ""shopper_legibility"": 2, ""click_appeal"": 4, ""non_generic"": 5, ""india_relevance"": 2, ""overall"": 3.4, ""verdict"": ""flag"", ""reason"": ""A trendy buzzword, but it describes a different aesthetic (sharp, sexy) and is a poor fit for these elegant shirts.""}, ""The Timeless Shirt"": {""buzzword_authenticity"": 2, ""shopper_legibility"": 5, ""click_appeal"": 3, ""non_generic"": 2, ""india_relevance"": 4, ""overall"": 3.2, ""verdict"": ""flag"", ""reason"": ""Clear and legible, but lacks buzzword authenticity and feels like generic, uninspired marketing copy.""}}",Quiet Luxury | Old Money Aesthetic | The Timeless Shirt | Office Siren,"gender: Women, garment: Shirts, color: Neutral, style: Stylised, pattern: Texture / Self, sleeve: Blouson Sleeve","Discover the art of understated elegance. This beautifully crafted shirt features a unique stylised design with blouson sleeves and a textured self-pattern. In a sophisticated neutral palette, it's the epitome of 'Quiet Luxury'.","This combination of attributes perfectly embodies the 'Quiet Luxury' trend. It's not about logos, but about high-quality details: a unique silhouette ('Stylised', 'Blouson Sleeve'), premium texture ('Texture / Self'), and a refined neutral color palette. This is for the discerning customer who values craftsmanship over overt branding.","The 'Quiet Luxury' trend is an aesthetic defined by specific product attributes like a neutral palette, textured fabrics, and sophisticated silhouettes.",2026-06-22,1,12,42,"mi_cef77fef24, mi_cef77fef24, mi_cef77fef24, mi_cef77fef24, mi_cef77fef24"
trd_de040f8226,The Airport Look,,pending,,functional,new,Rising (consistent),"12 apparels; 0 breakout-star, 12 consistently-rising, 0 rising-momentum (Impetus labels)",0.0,"Rising (consistent) | velocity=0.0000 | 12 apparels; 0 breakout-star, 12 consistently-rising, 0 rising-momentum (Impetus labels)",Aug 2026 to 15 Sep 2026 (Impetus: peak=Sep 2026),social_crawl,,,"Women Bottomwear bucket: mean_score=0.327 (below by 0.3), mean_velocity=0.0668 (slower by 0.0668), pct_rising=0.0%, bucket_size=7998 items",0.0,rate_limited,The Airport Look,rate_limited,Airport Look,4.8,"Street Style Joggers, Comfy & Cool",ok,"{""Airport Look"": {""buzzword_authenticity"": 5, ""shopper_legibility"": 5, ""click_appeal"": 5, ""non_generic"": 4, ""india_relevance"": 5, ""overall"": 4.8, ""verdict"": ""approve"", ""reason"": ""A highly relevant and aspirational buzzword that perfectly captures the celebrity-inspired travel trend in India.""}, ""Athleisure All Day"": {""buzzword_authenticity"": 4, ""shopper_legibility"": 4, ""click_appeal"": 3, ""non_generic"": 3, ""india_relevance"": 4, ""overall"": 3.6, ""verdict"": ""approve"", ""reason"": ""A strong, versatile name that leverages the popular athleisure trend, though less specific than 'Airport Look'.""}, ""Street Style Joggers"": {""buzzword_authenticity"": 3, ""shopper_legibility"": 3, ""click_appeal"": 2, ""non_generic"": 2, ""india_relevance"": 3, ""overall"": 2.6, ""verdict"": ""flag"", ""reason"": ""Too generic and descriptive, lacking the specific aspirational appeal of the core 'airport' trend.""}, ""Comfy & Cool"": {""buzzword_authenticity"": 1, ""shopper_legibility"": 5, ""click_appeal"": 2, ""non_generic"": 1, ""india_relevance"": 3, ""overall"": 2.4, ""verdict"": ""reject"", ""reason"": ""A highly generic and non-distinct marketing phrase that fails to function as a trend name.""}}",Airport Look | Athleisure All Day | Street Style Joggers | Comfy & Cool,"gender: Women, garment: Joggers/Knit Bottoms, color: Black, style: Straight / Classic, pattern: Logo / Graphic","Nail your travel style with these essential black joggers. Comfortable, stylish, and featuring subtle graphic logos, they are the perfect base for the coveted celebrity 'Airport Look'. Pair with a hoodie and sneakers.","The 'Airport Look' is a highly relatable and aspirational trend concept. It signifies comfortable yet put-together style. Classic black joggers are the hero product for this look, making this a strong, commercially relevant trend to merchandise.","The trend is explicitly named and described as 'The Airport Look,' which is a specific use-case driven category.",2026-06-22,1,12,14,"mi_26cdef4e9d, mi_26cdef4e9d, mi_26cdef4e9d, mi_26cdef4e9d, mi_26cdef4e9d"
trd_f8438edd7c,The Biker Short Trend,,pending,,attribute_driven,new,Rising (consistent),"12 apparels; 0 breakout-star, 12 consistently-rising, 0 rising-momentum (Impetus labels)",0.0,"Rising (consistent) | velocity=0.0000 | 12 apparels; 0 breakout-star, 12 consistently-rising, 0 rising-momentum (Impetus labels)",Jul 2026 to 15 Oct 2026 (Impetus: peak=Oct 2026),impetus,,,"Women Bottomwear bucket: mean_score=0.327 (above by 0.553), mean_velocity=0.0668 (slower by 0.0668), pct_rising=0.0%, bucket_size=7998 items",0.0,rate_limited,The Biker Short Trend,rate_limited,Studio to Street,4.6,"Biker Short Trend, Printed Activewear",ok,"{""Studio to Street"": {""buzzword_authenticity"": 4, ""shopper_legibility"": 5, ""click_appeal"": 5, ""non_generic"": 4, ""india_relevance"": 5, ""overall"": 4.6, ""verdict"": ""approve"", ""reason"": ""Perfectly captures the athleisure lifestyle aspiration with a well-known, clickable phrase.""}, ""Sporty Spice"": {""buzzword_authenticity"": 4, ""shopper_legibility"": 4, ""click_appeal"": 5, ""non_generic"": 5, ""india_relevance"": 4, ""overall"": 4.4, ""verdict"": ""approve"", ""reason"": ""A fun, nostalgic, and highly clickable name that perfectly captures the 90s athleisure vibe.""}, ""Biker Short Trend"": {""buzzword_authenticity"": 5, ""shopper_legibility"": 5, ""click_appeal"": 2, ""non_generic"": 1, ""india_relevance"": 4, ""overall"": 3.4, ""verdict"": ""flag"", ""reason"": ""Too literal and descriptive, lacking the aspirational click appeal of a strong trend name.""}, ""Printed Activewear"": {""buzzword_authenticity"": 2, ""shopper_legibility"": 3, ""click_appeal"": 1, ""non_generic"": 1, ""india_relevance"": 3, ""overall"": 2.0, ""verdict"": ""reject"", ""reason"": ""Too generic and broad; functions as a product filter, not an engaging trend name.""}}",Biker Short Trend | Studio to Street | Printed Activewear | Sporty Spice,"gender: Women, garment: Leggings/Tights, color: Blue, style: Fitted / Bodycon, pattern: Abstract / Geometric, length: Shorts","From the gym to brunch, the biker short is here to stay. This pair features a cool abstract print in blue, with a flattering fitted silhouette. Pair with an oversized sweatshirt for an on-trend look.",Biker shorts have transitioned from pure activewear to a mainstream fashion staple. This trend captures a more fashion-forward version with a geometric print. It speaks to the 'athleisure' lifestyle where workout clothes are worn for everyday activities.,The trend is centered on a specific garment type (biker short) and its attributes like print and fit.,2026-06-22,1,12,21,"mi_ff2c9b3b76, mi_ff2c9b3b76, mi_ff2c9b3b76, mi_ff2c9b3b76, mi_ff2c9b3b76"
trd_c65b9a1f69,Serotonin Dressing,,pending,,functional,new,Rising (consistent),"11 apparels; 0 breakout-star, 11 consistently-rising, 0 rising-momentum (Impetus labels)",0.0,"Rising (consistent) | velocity=0.0000 | 11 apparels; 0 breakout-star, 11 consistently-rising, 0 rising-momentum (Impetus labels)",Jul 2026 to 15 Oct 2026 (Impetus: peak=Oct 2026),social_crawl,medium,rising,"Women Dresses bucket: mean_score=0.193 (below by 0.179), mean_velocity=0.0955 (slower by 0.0955), pct_rising=0.0%, bucket_size=5412 items",0.0,skipped,,skipped (llm),Airport Looks,4.6,,ok,"{""Airport Looks"": {""buzzword_authenticity"": 5, ""shopper_legibility"": 5, ""click_appeal"": 4, ""non_generic"": 4, ""india_relevance"": 5, ""overall"": 4.6, ""verdict"": ""approve"", ""reason"": ""Taps into a massive, highly relevant Indian pop culture trend, making it instantly recognizable and aspirational.""}, ""Vacay Mode On"": {""buzzword_authenticity"": 4, ""shopper_legibility"": 5, ""click_appeal"": 4, ""non_generic"": 4, ""india_relevance"": 5, ""overall"": 4.4, ""verdict"": ""approve"", ""reason"": ""A popular, high-energy phrase that is extremely relatable and captures the excitement of the use-case.""}, ""Serotonin Dressing"": {""buzzword_authenticity"": 5, ""shopper_legibility"": 3, ""click_appeal"": 4, ""non_generic"": 5, ""india_relevance"": 4, ""overall"": 4.2, ""verdict"": ""approve"", ""reason"": ""A strong, authentic buzzword that promises an emotional benefit, though slightly niche for the mass market.""}, ""Resort Ready"": {""buzzword_authenticity"": 4, ""shopper_legibility"": 5, ""click_appeal"": 4, ""non_generic"": 3, ""india_relevance"": 5, ""overall"": 4.2, ""verdict"": ""approve"", ""reason"": ""A highly legible and aspirational name that perfectly captures the vacation use-case for the Indian shopper.""}, ""Coastal Goddess"": {""buzzword_authenticity"": 3, ""shopper_legibility"": 4, ""click_appeal"": 5, ""non_generic"": 5, ""india_relevance"": 4, ""overall"": 4.2, ""verdict"": ""approve"", ""reason"": ""A highly aspirational and evocative name that creates a strong, clickable persona for vacation wear.""}, ""Vacay Vibes Maxi"": {""buzzword_authenticity"": 3, ""shopper_legibility"": 5, ""click_appeal"": 3, ""non_generic"": 2, ""india_relevance"": 5, ""overall"": 3.6, ""verdict"": ""approve"", ""reason"": ""Very clear and relevant, but lacks aspirational pull and is borderline generic by including the product type.""}}",Serotonin Dressing | Resort Ready | Coastal Goddess | Vacay Vibes Maxi | Vacay Mode On | Airport Looks,"gender: Women, garment: Dresses, color: White, style: Straight / Classic, pattern: Abstract / Geometric, length: Maxi","This dress is pure happiness. A flowing maxi silhouette in a lightweight crepe fabric, featuring a vibrant abstract print on a white base. Perfect for your next vacation or any day you need a mood boost.","This trend perfectly captures the essence of 'Serotonin Dressing' or 'Dopamine Dressing'. The combination of a comfortable, flowing maxi silhouette, a light and airy fabric, and a joyful, abstract print is designed to evoke happiness and is strongly associated with travel and leisure.",The trend is framed around a mood-boosting concept explicitly tied to the functional use-case of 'your next vacation'.,2026-06-22,1,11,31,"mi_37e97caaa1, mi_37e97caaa1, mi_37e97caaa1, mi_37e97caaa1, mi_37e97caaa1"
trd_4f49a749db,Monsoon Ready,,pending,,functional,peak,LLM/calendar,context-generated (no catalogue signal),0.0,LLM/calendar | velocity=0.0000 | context-generated (no catalogue signal),2026-06-01 to 2026-09-30,llm,high,evergreen,,0.0,skipped,,skipped (llm),Monsoon Ready,4.2,"Splash Zone Styles, Puddle Proof, Rainy Day Fits",ok,"{""Monsoon Ready"": {""buzzword_authenticity"": 4, ""shopper_legibility"": 5, ""click_appeal"": 4, ""non_generic"": 3, ""india_relevance"": 5, ""overall"": 4.2, ""verdict"": ""approve"", ""reason"": ""Highly relevant and instantly understood by the Indian shopper, directly addressing a seasonal need.""}, ""Splash Zone Styles"": {""buzzword_authenticity"": 2, ""shopper_legibility"": 4, ""click_appeal"": 5, ""non_generic"": 5, ""india_relevance"": 4, ""overall"": 4.0, ""verdict"": ""flag"", ""reason"": ""Very high click-appeal and creativity, but feels like an invented marketing term, not an authentic buzzword.""}, ""Puddle Proof"": {""buzzword_authenticity"": 2, ""shopper_legibility"": 4, ""click_appeal"": 4, ""non_generic"": 5, ""india_relevance"": 4, ""overall"": 3.8, ""verdict"": ""flag"", ""reason"": ""Highly creative and non-generic, but lacks buzzword authenticity, feeling more like invented marketing copy.""}, ""Rainy Day Fits"": {""buzzword_authenticity"": 3, ""shopper_legibility"": 4, ""click_appeal"": 4, ""non_generic"": 2, ""india_relevance"": 3, ""overall"": 3.2, ""verdict"": ""flag"", ""reason"": ""Lacks the specific Indian context of 'Monsoon' and feels more generic, though the use of 'Fits' is current.""}}",Monsoon Ready | Rainy Day Fits | Puddle Proof | Splash Zone Styles,"Functional Driver: Monsoon Season. With the monsoon active from June to September, fashion is adapting with practicality in mind. Key trends include outfits made from quick-drying fabrics like polyester and nylon blends, and shorter silhouettes such as short dresses and cropped pants to avoid mud and water. Bright, bold colors like mustard yellow and deep olive are trending to counter the gloomy weather.","Beat the downpour in style with quick-dry fabrics, waterproof layers, and vibrant colours to counter the grey. Think cropped pants, short dresses, and functional co-ords that won't let the rain ruin your day.","The monsoon season (Jun-Sep) requires practical yet stylish clothing. This trend leverages the 'Monsoon Ready' buzzword, focusing on functional fabrics, shorter silhouettes, and bright colours mentioned in the research to combat gloomy weather.","The trend is explicitly named and defined by its practical application for the monsoon season, a specific use-case.",2026-06-16,5,0,,
trd_101443a256,T20 Fan Zone,,pending,,event_driven,new,LLM/calendar,context-generated (no catalogue signal),0.0,LLM/calendar | velocity=0.0000 | context-generated (no catalogue signal),2026-05-15 to 2026-07-15,llm,low,,,0.0,skipped,,skipped (llm),Bleed Blue,5.0,,ok,"{""Bleed Blue"": {""buzzword_authenticity"": 5, ""shopper_legibility"": 5, ""click_appeal"": 5, ""non_generic"": 5, ""india_relevance"": 5, ""overall"": 5.0, ""verdict"": ""approve"", ""reason"": ""The ultimate high-emotion, high-relevance name for Indian cricket fans, tapping directly into national pride.""}, ""T20 Fan Zone"": {""buzzword_authenticity"": 4, ""shopper_legibility"": 5, ""click_appeal"": 3, ""non_generic"": 3, ""india_relevance"": 5, ""overall"": 4.0, ""verdict"": ""approve"", ""reason"": ""A highly legible and relevant name that clearly communicates the event-based collection.""}, ""Cricket Core"": {""buzzword_authenticity"": 3, ""shopper_legibility"": 4, ""click_appeal"": 4, ""non_generic"": 5, ""india_relevance"": 4, ""overall"": 4.0, ""verdict"": ""approve"", ""reason"": ""A trendy, fashion-forward name that smartly applies the popular '-core' aesthetic to the Indian context of cricket.""}, ""Stadium Style"": {""buzzword_authenticity"": 4, ""shopper_legibility"": 4, ""click_appeal"": 4, ""non_generic"": 3, ""india_relevance"": 3, ""overall"": 3.6, ""verdict"": ""approve"", ""reason"": ""A globally recognized and stylish name that clearly communicates the use-case, though it feels slightly less India-specific.""}}",T20 Fan Zone | Bleed Blue | Stadium Style | Cricket Core,"ICC T20 World Cup 2026 | main date: 2026-06-01 | shop window: 2026-05-15 to 2026-07-15 | category: event_driven | apparel: Sporty fan dressing, team jerseys, athleisure, Indo-sporty fusion","Show your team spirit for the T20 World Cup! Rock team jerseys, sporty athleisure, and cool Indo-sporty fusion looks. It's all about comfortable, high-energy style perfect for cheering from the stands or your sofa.","The T20 World Cup is a major cultural event driving a specific 'fan dressing' trend. This captures the excitement with sporty, athleisure, and fusion looks as noted in the calendar, making it highly relevant and clickable for fans.","The trend is directly tied to a specific sporting event, the T20 World Cup.",2026-06-22,1,0,,
trd_555b1d4ecd,Guru Purnima Grace,,pending,,occasion_festival,new,LLM/calendar,context-generated (no catalogue signal),0.0,LLM/calendar | velocity=0.0000 | context-generated (no catalogue signal),2026-07-01 to 2026-07-08,llm,low,,,0.0,skipped,,skipped (llm),Quiet Luxury Kurtas,4.2,"Guru Purnima Grace, Teacher's Day Chic",ok,"{""Quiet Luxury Kurtas"": {""buzzword_authenticity"": 5, ""shopper_legibility"": 4, ""click_appeal"": 5, ""non_generic"": 3, ""india_relevance"": 4, ""overall"": 4.2, ""verdict"": ""approve"", ""reason"": ""Powerfully combines a major global buzzword with a core Indian product, creating high aspiration and click appeal.""}, ""Guru Purnima Grace"": {""buzzword_authenticity"": 1, ""shopper_legibility"": 5, ""click_appeal"": 4, ""non_generic"": 4, ""india_relevance"": 5, ""overall"": 3.8, ""verdict"": ""flag"", ""reason"": ""Strong on legibility and relevance but fails the buzzword test, making it feel like internal marketing jargon.""}, ""Subtle Statements"": {""buzzword_authenticity"": 3, ""shopper_legibility"": 4, ""click_appeal"": 4, ""non_generic"": 4, ""india_relevance"": 3, ""overall"": 3.6, ""verdict"": ""approve"", ""reason"": ""A well-understood fashion concept that perfectly captures the understated yet chic product assortment.""}, ""Teacher's Day Chic"": {""buzzword_authenticity"": 1, ""shopper_legibility"": 2, ""click_appeal"": 2, ""non_generic"": 3, ""india_relevance"": 1, ""overall"": 1.8, ""verdict"": ""reject"", ""reason"": ""Fails on cultural relevance by confusing Guru Purnima with Teacher's Day, which will alienate and confuse shoppers.""}}",Guru Purnima Grace | Subtle Statements | Quiet Luxury Kurtas | Teacher's Day Chic,"Guru Purnima | main date: 2026-07-07 | shop window: 2026-07-01 to 2026-07-08 | category: occasion_festival | apparel: Subtle ethnic, cotton kurtas, understated occasionwear","Celebrate Guru Purnima with understated elegance. This trend focuses on breathable cotton kurtas, subtle ethnic sets in soft, serene palettes, and tone-on-tone looks for a respectful and chic celebration.","Guru Purnima calls for modest and subtle occasionwear. This trend aligns with the calendar's apparel notes and incorporates the 'Quiet Luxury' aesthetic of understated, high-quality pieces, which is a strong current trend.",The trend is explicitly tied to the recurring cultural festival of Guru Purnima.,2026-06-22,1,0,,
trd_3099f9da5f,Couture Crush,,pending,,event_driven,new,LLM/calendar,context-generated (no catalogue signal),0.0,LLM/calendar | velocity=0.0000 | context-generated (no catalogue signal),2026-07-23 to 2026-07-30,llm,low,,,0.0,skipped,,skipped (llm),Couture Crush,4.4,Shimmer & Shine,ok,"{""Couture Crush"": {""buzzword_authenticity"": 3, ""shopper_legibility"": 4, ""click_appeal"": 5, ""non_generic"": 5, ""india_relevance"": 5, ""overall"": 4.4, ""verdict"": ""approve"", ""reason"": ""Strong alliteration, high click appeal, and clear link to aspirational Indian high fashion.""}, ""Fresh Off The Ramp"": {""buzzword_authenticity"": 4, ""shopper_legibility"": 5, ""click_appeal"": 4, ""non_generic"": 4, ""india_relevance"": 5, ""overall"": 4.4, ""verdict"": ""approve"", ""reason"": ""Evokes immediacy and uses 'ramp,' a term highly familiar to the Indian fashion audience.""}, ""Runway Ready"": {""buzzword_authenticity"": 5, ""shopper_legibility"": 5, ""click_appeal"": 4, ""non_generic"": 3, ""india_relevance"": 4, ""overall"": 4.2, ""verdict"": ""approve"", ""reason"": ""A widely recognized and aspirational fashion term that clearly communicates the trend's essence.""}, ""Shimmer & Shine"": {""buzzword_authenticity"": 3, ""shopper_legibility"": 5, ""click_appeal"": 3, ""non_generic"": 2, ""india_relevance"": 4, ""overall"": 3.4, ""verdict"": ""flag"", ""reason"": ""Too generic and descriptive; it focuses only on one fabric element rather than the entire couture concept.""}}",Couture Crush | Runway Ready | Fresh Off The Ramp | Shimmer & Shine,"India Couture Week | main date: 2026-07-25 | shop window: 2026-07-23 to 2026-07-30 | category: event_driven | apparel: High-fashion ethnic, couture-inspired embellishments, runway trickle-down.","Get inspired by India Couture Week. This trend is all about high-fashion ethnic wear, featuring runway-inspired embellishments, revived Anarkali and Sharara silhouettes, and the trending 'Shimmer and Shine' of tissue fabrics.","India Couture Week sets the tone for the upcoming festive and wedding seasons. This trend translates the event's high-fashion signals (embellishments, specific fabrics like tissue from the live research) into a shoppable, aspirational concept.","The trend is directly inspired by and tied to a specific fashion event, India Couture Week.",2026-06-22,1,0,,
trd_94a64c61b8,Tricolour Chic,,pending,,occasion_festival,new,LLM/calendar,context-generated (no catalogue signal),0.0,LLM/calendar | velocity=0.0000 | context-generated (no catalogue signal),2026-08-10 to 2026-08-16,llm,low,,,0.0,skipped,,skipped (llm),Modern Patriot,4.4,"Tricolour Chic, The Independence Day Edit, Shades of India",ok,"{""Modern Patriot"": {""buzzword_authenticity"": 3, ""shopper_legibility"": 4, ""click_appeal"": 5, ""non_generic"": 5, ""india_relevance"": 5, ""overall"": 4.4, ""verdict"": ""approve"", ""reason"": ""Strong aspirational identity, high click appeal, and relevance to a modern Indian sensibility.""}, ""Tricolour Chic"": {""buzzword_authenticity"": 2, ""shopper_legibility"": 5, ""click_appeal"": 4, ""non_generic"": 4, ""india_relevance"": 5, ""overall"": 4.0, ""verdict"": ""flag"", ""reason"": ""High legibility and relevance, but lacks organic buzzword authenticity, feeling more like a marketing creation.""}, ""The Independence Day Edit"": {""buzzword_authenticity"": 3, ""shopper_legibility"": 5, ""click_appeal"": 2, ""non_generic"": 1, ""india_relevance"": 5, ""overall"": 3.2, ""verdict"": ""flag"", ""reason"": ""Highly legible and relevant but extremely generic and lacks unique click appeal.""}, ""Shades of India"": {""buzzword_authenticity"": 1, ""shopper_legibility"": 2, ""click_appeal"": 2, ""non_generic"": 2, ""india_relevance"": 3, ""overall"": 2.0, ""verdict"": ""reject"", ""reason"": ""Too broad, generic, and clichéd; fails to communicate the specific Independence Day theme.""}}",Tricolour Chic | The Independence Day Edit | Modern Patriot | Shades of India,"Independence Day | main date: 2026-08-15 | shop window: 2026-08-10 to 2026-08-16 | category: occasion_festival | apparel: Tricolour palette (saffron, white, green), khadi, pride dressing","Celebrate Independence Day with patriotic flair. Embrace the tricolour palette of saffron, white, and green in modern silhouettes. Think colour-blocked kurtas, elegant white chikankari, and handloom fabrics like khadi.","Independence Day has a clear visual theme. This trend translates the tricolour palette and traditional fabrics like khadi into a contemporary, shoppable edit for the modern Indian, using a catchy, fashionable name.",The trend is explicitly tied to the recurring national occasion of Independence Day.,2026-06-22,1,0,,
trd_cc9dfffdd9,Rakhi Ready,,pending,,occasion_festival,new,LLM/calendar,context-generated (no catalogue signal),0.0,LLM/calendar | velocity=0.0000 | context-generated (no catalogue signal),2026-08-15 to 2026-08-23,llm,low,,,0.0,skipped,,skipped (llm),The Rakhi Edit,4.4,"Festive Fusion, Indo-Western Weaves",ok,"{""The Rakhi Edit"": {""buzzword_authenticity"": 4, ""shopper_legibility"": 5, ""click_appeal"": 4, ""non_generic"": 4, ""india_relevance"": 5, ""overall"": 4.4, ""verdict"": ""approve"", ""reason"": ""A sophisticated and clear name that implies a curated, expert selection for the festival.""}, ""Rakhi Ready"": {""buzzword_authenticity"": 4, ""shopper_legibility"": 5, ""click_appeal"": 4, ""non_generic"": 3, ""india_relevance"": 5, ""overall"": 4.2, ""verdict"": ""approve"", ""reason"": ""A highly legible and relevant name that directly addresses the shopper's immediate need for the occasion.""}, ""Festive Fusion"": {""buzzword_authenticity"": 3, ""shopper_legibility"": 3, ""click_appeal"": 3, ""non_generic"": 1, ""india_relevance"": 5, ""overall"": 3.0, ""verdict"": ""flag"", ""reason"": ""Too generic; it lacks specificity for the Rakhi occasion and could apply to any festival.""}, ""Indo-Western Weaves"": {""buzzword_authenticity"": 1, ""shopper_legibility"": 2, ""click_appeal"": 2, ""non_generic"": 2, ""india_relevance"": 5, ""overall"": 2.4, ""verdict"": ""reject"", ""reason"": ""Inaccurate and confusing; 'weaves' misrepresents the collection which includes prints and embroidery.""}}",Rakhi Ready | The Rakhi Edit | Festive Fusion | Indo-Western Weaves,"Raksha Bandhan | main date: 2026-08-22 | shop window: 2026-08-15 to 2026-08-23 | category: occasion_festival | apparel: Traditional sets, pastel kurtas, light ethnic for family gatherings","Get ready for Rakhi with the perfect blend of traditional and modern. Explore light ethnic wear, pastel kurtas, and trendy Indo-Western fusion looks like embroidered kurta sets with palazzo pants or printed co-ords.","Raksha Bandhan is a key family-centric festival driving demand for accessible festive wear. This trend combines the calendar's notes on light ethnic with the strong 'Indo-Western Fusion' signal from live research, which is a key buzzword.",The trend is explicitly named for and tied to the recurring festival of Raksha Bandhan (Rakhi).,2026-06-22,1,0,,
trd_39e6eef49e,Gopi Glam,,pending,,occasion_festival,new,LLM/calendar,context-generated (no catalogue signal),0.0,LLM/calendar | velocity=0.0000 | context-generated (no catalogue signal),2026-08-22 to 2026-08-30,llm,low,,,0.0,skipped,,skipped (llm),Krishna Core,4.6,"Janmashtami Jewels, Peacock Hues",ok,"{""Krishna Core"": {""buzzword_authenticity"": 4, ""shopper_legibility"": 4, ""click_appeal"": 5, ""non_generic"": 5, ""india_relevance"": 5, ""overall"": 4.6, ""verdict"": ""approve"", ""reason"": ""A perfect fusion of a deeply relevant cultural icon with a modern, Gen-Z approved trend naming convention.""}, ""Gopi Glam"": {""buzzword_authenticity"": 3, ""shopper_legibility"": 5, ""click_appeal"": 4, ""non_generic"": 4, ""india_relevance"": 5, ""overall"": 4.2, ""verdict"": ""approve"", ""reason"": ""A highly relevant and legible name that combines a cultural reference with a modern aspirational term.""}, ""Janmashtami Jewels"": {""buzzword_authenticity"": 1, ""shopper_legibility"": 5, ""click_appeal"": 4, ""non_generic"": 3, ""india_relevance"": 5, ""overall"": 3.6, ""verdict"": ""flag"", ""reason"": ""While highly legible and relevant, it lacks buzzword authenticity and feels more like a collection title than a trend.""}, ""Peacock Hues"": {""buzzword_authenticity"": 1, ""shopper_legibility"": 3, ""click_appeal"": 2, ""non_generic"": 1, ""india_relevance"": 3, ""overall"": 2.0, ""verdict"": ""reject"", ""reason"": ""Too generic and descriptive; it only defines a color palette and misses the cultural and festive context of the trend.""}}",Gopi Glam | Janmashtami Jewels | Krishna Core | Peacock Hues,"Upcoming Festival: Janmashtami... The color palette for this festival is drawn from Lord Krishna's iconography... There is also a trend towards 'Gopi-inspired' glamour, featuring straight-cut suits and Bandhani prints.","Channel divine glamour for Janmashtami. This trend is inspired by 'Gopi' style, featuring a rich palette of yellow, royal blue, and peacock green. Look for Anarkali suits, sharara sets, and traditional Bandhani prints.","Janmashtami has a specific color story and aesthetic. This trend leverages the 'Gopi-inspired' buzzword from research, which is a perfect, trendy hook for the occasion's specific apparel notes and is highly recognizable.",The trend is explicitly tied to the recurring festival of Janmashtami and its associated 'Gopi' style.,2026-06-22,1,0,,
trd_1032e6d37c,Ganesh Chaturthi Glow,,pending,,occasion_festival,new,LLM/calendar,context-generated (no catalogue signal),0.0,LLM/calendar | velocity=0.0000 | context-generated (no catalogue signal),2026-08-28 to 2026-09-17,llm,low,,,0.0,skipped,,skipped (llm),Ganpati Glam,4.6,"Ganesh Chaturthi Glow, Modak Motifs, Festive Brights",ok,"{""Ganpati Glam"": {""buzzword_authenticity"": 4, ""shopper_legibility"": 5, ""click_appeal"": 5, ""non_generic"": 4, ""india_relevance"": 5, ""overall"": 4.6, ""verdict"": ""approve"", ""reason"": ""A perfect blend of cultural relevance, modern slang, and aspirational appeal that will resonate with the target audience.""}, ""Ganesh Chaturthi Glow"": {""buzzword_authenticity"": 2, ""shopper_legibility"": 5, ""click_appeal"": 4, ""non_generic"": 3, ""india_relevance"": 5, ""overall"": 3.8, ""verdict"": ""flag"", ""reason"": ""Strong on legibility and relevance, but lacks authentic buzzword status, making it feel like invented marketing jargon.""}, ""Modak Motifs"": {""buzzword_authenticity"": 1, ""shopper_legibility"": 2, ""click_appeal"": 3, ""non_generic"": 5, ""india_relevance"": 5, ""overall"": 3.2, ""verdict"": ""flag"", ""reason"": ""Highly creative and relevant, but potentially misleading as the trend is about colors, not necessarily modak-themed prints.""}, ""Festive Brights"": {""buzzword_authenticity"": 2, ""shopper_legibility"": 5, ""click_appeal"": 2, ""non_generic"": 1, ""india_relevance"": 3, ""overall"": 2.6, ""verdict"": ""flag"", ""reason"": ""Too generic; it describes the product but lacks specific appeal or a unique hook for this particular festival.""}}",Ganesh Chaturthi Glow | Festive Brights | Modak Motifs | Ganpati Glam,"Ganesh Chaturthi | main date: 2026-09-07 | shop window: 2026-08-28 to 2026-09-17 | category: occasion_festival | apparel: Bright ethnic (orange, yellow, red), kurta sets, festive sarees","Shine bright for Ganesh Chaturthi in a vibrant palette of auspicious orange, yellow, and red. Choose from elegant kurta sets, festive sarees, and tone-on-tone ensembles that capture the joyous spirit of the festival.","This festival is defined by its bright, auspicious colors. The trend name 'Ganesh Chaturthi Glow' is inviting and directly references the occasion, while the description uses the specific color palette from the calendar.",The trend is explicitly tied to the recurring festival of Ganesh Chaturthi.,2026-06-22,1,0,,
trd_c0358888db,The Onam Edit,,pending,,occasion_festival,new,LLM/calendar,context-generated (no catalogue signal),0.0,LLM/calendar | velocity=0.0000 | context-generated (no catalogue signal),2026-09-01 to 2026-09-15,llm,low,,,0.0,skipped,,skipped (llm),Kasavu Crush,4.2,"Pookalam Palette, White & Gold Glamour",ok,"{""Kasavu Crush"": {""buzzword_authenticity"": 3, ""shopper_legibility"": 4, ""click_appeal"": 4, ""non_generic"": 5, ""india_relevance"": 5, ""overall"": 4.2, ""verdict"": ""approve"", ""reason"": ""A trendy, specific, and highly relevant name that creates strong click appeal for the target audience.""}, ""Pookalam Palette"": {""buzzword_authenticity"": 2, ""shopper_legibility"": 3, ""click_appeal"": 4, ""non_generic"": 5, ""india_relevance"": 5, ""overall"": 3.8, ""verdict"": ""flag"", ""reason"": ""Creative and culturally rich, but may confuse shoppers as it implies florals over the main Kasavu theme.""}, ""The Onam Edit"": {""buzzword_authenticity"": 3, ""shopper_legibility"": 5, ""click_appeal"": 3, ""non_generic"": 2, ""india_relevance"": 5, ""overall"": 3.6, ""verdict"": ""approve"", ""reason"": ""Clear, highly relevant, and uses a standard e-commerce format that shoppers instantly understand.""}, ""White & Gold Glamour"": {""buzzword_authenticity"": 2, ""shopper_legibility"": 4, ""click_appeal"": 3, ""non_generic"": 2, ""india_relevance"": 3, ""overall"": 2.8, ""verdict"": ""flag"", ""reason"": ""Too generic; the colour palette is relevant to many Indian festivals, not just specifically Onam.""}}",The Onam Edit | Kasavu Crush | White & Gold Glamour | Pookalam Palette,"Onam | main date: 2026-09-10 | shop window: 2026-09-01 to 2026-09-15 | category: occasion_festival | apparel: Kerala-style kasavu sarees, white & gold, settu mundus, floral prints","Celebrate Onam with timeless elegance. Embrace the classic white and gold palette with traditional Kasavu sarees and settu mundus, or opt for modern interpretations with delicate floral prints on white bases.","Onam has a very distinct and iconic dress code. This trend directly addresses the core elements (Kasavu, white & gold) while providing a modern entry point (floral prints) for a broader audience, making it both authentic and accessible.",The trend is explicitly tied to the recurring festival of Onam and its traditional dress codes.,2026-06-22,1,0,,
trd_45f853cd56,Workleisure,,pending,,functional,new,LLM/calendar,context-generated (no catalogue signal),0.0,LLM/calendar | velocity=0.0000 | context-generated (no catalogue signal),2026-06-01 to 2026-09-30,llm,high,rising,,0.0,skipped,,skipped (llm),Quiet Luxury at Work,4.8,The New 9-to-5,ok,"{""Quiet Luxury at Work"": {""buzzword_authenticity"": 5, ""shopper_legibility"": 5, ""click_appeal"": 5, ""non_generic"": 4, ""india_relevance"": 5, ""overall"": 4.8, ""verdict"": ""approve"", ""reason"": ""Perfectly leverages a major, aspirational buzzword to clearly define the trend for the modern professional.""}, ""Workleisure"": {""buzzword_authenticity"": 4, ""shopper_legibility"": 4, ""click_appeal"": 3, ""non_generic"": 4, ""india_relevance"": 4, ""overall"": 3.8, ""verdict"": ""approve"", ""reason"": ""A known industry buzzword that clearly communicates the trend's core benefit of comfortable workwear.""}, ""The New 9-to-5"": {""buzzword_authenticity"": 2, ""shopper_legibility"": 5, ""click_appeal"": 4, ""non_generic"": 4, ""india_relevance"": 4, ""overall"": 3.8, ""verdict"": ""flag"", ""reason"": ""Highly legible and appealing, but lacks organic buzzword authenticity, feeling more like a marketing slogan.""}, ""Office Siren"": {""buzzword_authenticity"": 5, ""shopper_legibility"": 1, ""click_appeal"": 5, ""non_generic"": 5, ""india_relevance"": 2, ""overall"": 3.6, ""verdict"": ""approve"", ""reason"": ""A current, high-appeal buzzword, but it misrepresents the relaxed nature of this trend, creating a mismatch.""}}",Workleisure | The New 9-to-5 | Office Siren | Quiet Luxury at Work,"Functional Driver: Workleisure & The New Office Wear. Post-pandemic work culture has cemented a more relaxed dress code. The 2026 office wardrobe is built on versatile pieces. Relaxed, oversized blazers are a key item... Wide-leg trousers... have become the default choice...","Redefine your work wardrobe with the 'Workleisure' aesthetic. It's all about versatile, comfortable pieces like relaxed oversized blazers and chic wide-leg trousers in crepe and linen blends. Think 'Quiet Luxury' for the office.","The post-pandemic office dress code has shifted. This trend captures the 'Workleisure' and 'Quiet Luxury' buzzwords from live research, focusing on key items like blazers and wide-leg pants that are driving the category.","The trend is explicitly defined as 'Workleisure' for the office, a specific use-case.",2026-06-22,1,0,,
